Player,College,Height,Weight,College_Rec,College_Yards,College_TDs,YPG,Ridge_Pred_AV,RF_Pred_AV,XGB_Pred_AV,Avg_Pred_AV,Success_Tier
Zycarl Lewis Jr.,Tulane,70.0,160.0,23.0,321.0,5.0,24.7,-31.4,12.8,10.4,-2.8,
Harold Mack,Eastern Michigan,71.0,158.0,20.0,333.0,5.0,66.6,-31.2,11.6,10.4,-3.1,
Tray Taylor,Troy,68.0,140.0,30.0,508.0,7.0,46.2,-33.3,12.5,10.4,-3.5,
Cameron Bates,Boise State,70.0,170.0,17.0,300.0,4.0,30.0,-32.9,12.2,10.4,-3.5,
Clayton Coppock,Kennesaw State,73.0,155.0,24.0,192.0,3.0,21.3,-33.3,11.4,10.4,-3.8,
Kyan Mason,Akron,69.0,145.0,31.0,434.0,6.0,36.2,-34.5,12.8,10.4,-3.8,
Lyndon Ravare,Kennesaw State,72.0,165.0,20.0,225.0,3.0,25.0,-33.4,11.4,10.4,-3.9,
Takye Heath,Virginia Tech,70.0,163.0,21.0,203.0,3.0,25.4,-34.5,12.2,10.4,-4.0,
Eric Willis III,UTEP,68.0,160.0,24.0,226.0,3.0,25.1,-35.6,12.3,10.4,-4.3,
Chrishon McCray,Michigan State,70.0,171.0,21.0,272.0,4.0,27.2,-35.8,12.2,10.4,-4.4,
Matthew Coleman,San José State,72.0,171.0,20.0,131.0,2.0,16.4,-35.9,11.8,10.4,-4.6,
Myles Walker,Akron,69.0,170.0,20.0,215.0,3.0,26.9,-36.3,12.2,10.4,-4.6,
Ben Prosper,Eastern Michigan,70.0,185.0,20.0,182.0,3.0,16.5,-37.9,12.0,11.1,-4.9,
Jaylen Lynch,Portland State,74.0,175.0,20.0,254.0,4.0,28.2,-36.4,11.2,10.4,-5.0,
Aveion Chenault,Western Michigan,72.0,177.0,23.0,277.0,4.0,23.1,-37.0,11.7,10.4,-5.0,
JoJo Earle,UNLV,70.0,185.0,21.0,260.0,4.0,21.7,-38.4,12.3,11.1,-5.0,
Jaylen Bonelli,Arkansas State,71.0,177.0,20.0,190.0,3.0,21.1,-37.2,11.3,10.4,-5.2,
JP Coulter,UL Monroe,71.0,185.0,20.0,219.0,3.0,19.9,-37.9,11.5,10.4,-5.3,
Wondame Davis Jr.,UTEP,73.0,180.0,18.0,313.0,4.0,44.7,-37.6,11.1,10.4,-5.4,
Chris Dawn Jr.,Texas State,67.0,170.0,28.0,622.0,9.0,103.7,-40.1,12.8,11.1,-5.4,
Teddy Hoffmann,NC State,73.0,172.0,24.0,265.0,4.0,26.5,-37.9,11.4,10.4,-5.4,
Tre' Brown III,Old Dominion,74.0,180.0,19.0,331.0,5.0,55.2,-37.8,11.1,10.4,-5.5,
Tyson Davis,Central Michigan,70.0,175.0,24.0,296.0,4.0,26.9,-38.7,11.8,10.4,-5.5,
Eric Weatherly,Ball State,68.0,173.0,28.0,243.0,3.0,20.2,-40.4,12.6,11.1,-5.6,
James BlackStrain,Missouri State,74.0,180.0,22.0,234.0,3.0,23.4,-38.4,11.2,10.4,-5.6,
Jordan Allen,Georgia Tech,69.0,180.0,20.0,250.0,4.0,35.7,-40.1,12.0,11.1,-5.7,
Braeden Wisloski,James Madison,70.0,186.0,20.0,192.0,3.0,21.3,-40.3,12.0,11.1,-5.7,
Darren Morris,Southern,74.0,176.0,22.0,398.0,6.0,44.2,-38.7,11.2,10.4,-5.7,
Sincere Brown,Colorado,77.0,190.0,21.0,368.0,5.0,33.5,-40.5,13.0,10.4,-5.7,
Marcello Bussey,Memphis,71.0,175.0,27.0,287.0,4.0,23.9,-39.7,11.9,10.4,-5.8,
Jeremiah Noga,Washington State,74.0,190.0,21.0,222.0,3.0,20.2,-39.5,11.1,10.4,-6.0,
Shamar Rigby,Oklahoma State,75.0,190.0,20.0,220.0,3.0,24.4,-40.5,12.0,10.4,-6.0,
Mehki Wall,North Carolina Central,69.0,173.0,25.0,377.0,5.0,41.9,-40.8,12.0,10.4,-6.1,
DJ Black,UCF,75.0,195.0,20.0,183.0,3.0,18.3,-40.8,12.1,10.4,-6.1,
Cataurus Hicks,Pittsburgh,70.0,175.0,24.0,422.0,6.0,46.9,-40.5,11.9,10.4,-6.1,
Israel Polk,Akron,73.0,170.0,27.0,368.0,5.0,36.8,-40.0,11.4,10.4,-6.1,
Ashton Bethel-Roman,Texas A&M,72.0,185.0,19.0,377.0,5.0,47.1,-39.9,11.2,10.4,-6.1,
Drew Wagner,Northwestern,70.0,185.0,21.0,164.0,2.0,20.5,-41.6,12.0,11.1,-6.1,
Brady Kluse,Memphis,74.0,188.0,22.0,217.0,3.0,19.7,-39.7,11.1,10.4,-6.1,
Marques Singleton Jr.,Louisiana Tech,70.0,175.0,24.0,169.0,2.0,21.1,-40.8,11.9,10.4,-6.2,
Grayson Tempest,Tulsa,70.0,180.0,22.0,274.0,4.0,39.1,-41.2,12.1,10.4,-6.2,
Dashawn Martin,Kent State,72.0,170.0,28.0,415.0,6.0,37.7,-40.5,11.4,10.4,-6.2,
Jairus Mack,Western Kentucky,70.0,178.0,23.0,221.0,3.0,27.6,-40.9,11.8,10.4,-6.2,
Tychaun Chapman,Southern Miss,72.0,180.0,23.0,413.0,6.0,41.3,-40.5,11.1,10.4,-6.3,
Jacob Gill,Iowa,72.0,185.0,23.0,267.0,4.0,24.3,-40.3,11.1,10.4,-6.3,
Donte Lee Jr.,Liberty,75.0,185.0,22.0,448.0,6.0,49.8,-41.4,12.1,10.4,-6.3,
Corri Milliner,UAB,74.0,180.0,24.0,341.0,5.0,68.2,-40.3,11.1,10.4,-6.3,
Ja'Carree Kelly,Delaware,68.0,170.0,30.0,242.0,3.0,22.0,-42.1,12.4,10.4,-6.4,
Tristian Gardner,Missouri State,74.0,180.0,25.0,386.0,6.0,35.1,-40.8,11.1,10.4,-6.4,
Nic Trujillo,UL Monroe,73.0,185.0,20.0,266.0,4.0,38.0,-40.6,11.1,10.4,-6.4,
Tyler Brown,Clemson,71.0,185.0,22.0,191.0,3.0,21.2,-41.2,11.5,10.4,-6.5,
Quin Smith,Air Force,73.0,200.0,14.0,346.0,5.0,43.2,-41.2,10.5,11.1,-6.5,
Noah Jennings,Cincinnati,72.0,190.0,22.0,314.0,4.0,28.5,-41.5,11.3,10.4,-6.6,
Jaylan Sanchez,James Madison,72.0,195.0,25.0,302.0,4.0,21.6,-42.2,11.4,11.1,-6.6,
Jonathan Bibbs,UL Monroe,74.0,175.0,26.0,382.0,5.0,42.4,-41.2,11.2,10.4,-6.6,
Maguire Anderson,Florida International,72.0,180.0,25.0,280.0,4.0,28.0,-41.3,11.1,10.4,-6.6,
Kyle McNeal,Florida International,73.0,175.0,30.0,291.0,4.0,24.2,-41.8,11.8,10.4,-6.6,
JoJo Stone,Florida International,71.0,185.0,22.0,223.0,3.0,27.9,-42.1,11.5,10.4,-6.7,
Ayden Williams,Mississippi State,75.0,205.0,21.0,254.0,4.0,19.5,-41.9,11.5,10.3,-6.7,
Trech Kekahuna,Wisconsin,70.0,185.0,24.0,205.0,3.0,22.8,-43.2,11.9,11.1,-6.7,
Robert Williams,Louisiana,74.0,183.0,24.0,305.0,4.0,33.9,-41.9,11.1,10.4,-6.8,
Tay Lanier,Colorado State,73.0,165.0,33.0,316.0,5.0,28.7,-42.3,11.4,10.4,-6.8,
Kaleb Webb,Maryland,77.0,201.0,21.0,297.0,4.0,29.7,-43.7,13.1,10.3,-6.8,
Hardley Gilmore IV,Kentucky,73.0,183.0,26.0,285.0,4.0,25.9,-41.9,11.0,10.4,-6.8,
Derek Eusebio,Arizona State,69.0,185.0,20.0,256.0,4.0,28.4,-40.7,11.2,8.8,-6.9,
Winston Watkins,Ole Miss,74.0,185.0,25.0,361.0,5.0,32.8,-42.1,11.0,10.4,-6.9,
Justin Bowick,Illinois,76.0,200.0,22.0,265.0,4.0,24.1,-43.2,12.0,10.4,-7.0,
Malcolm Simmons,Auburn,72.0,186.0,23.0,302.0,4.0,33.6,-42.4,11.2,10.4,-7.0,
Wayne Harris,Kent State,69.0,165.0,35.0,399.0,6.0,33.2,-44.1,12.8,10.4,-7.0,
Parker Livingstone,Texas,76.0,191.0,26.0,455.0,6.0,37.9,-44.3,12.9,10.4,-7.0,
Lavon Brown,Colorado State,72.0,195.0,22.0,244.0,3.0,24.4,-43.4,11.0,11.1,-7.1,
RJ Garcia II,Bowling Green,72.0,180.0,27.0,289.0,4.0,28.9,-42.9,11.1,10.4,-7.1,
Tommy Maher,Colorado State,70.0,170.0,32.0,358.0,5.0,32.5,-43.6,12.1,10.4,-7.1,
Bryce Farrell,Stanford,70.0,175.0,28.0,447.0,6.0,49.7,-43.5,11.9,10.4,-7.1,
Andrel Anthony,Duke,73.0,186.0,24.0,216.0,3.0,24.0,-42.7,11.1,10.4,-7.1,
Javin Whatley,Arizona,70.0,167.0,34.0,274.0,4.0,24.9,-43.9,12.1,10.4,-7.1,
Rodney Gallagher III,West Virginia,70.0,181.0,28.0,249.0,4.0,24.9,-44.4,12.0,11.1,-7.1,
Dre'lon Miller,Colorado,73.0,200.0,21.0,171.0,2.0,17.1,-43.4,10.6,11.1,-7.2,
Marcus Bellon,Nevada,67.0,178.0,23.0,233.0,3.0,23.3,-40.5,10.0,8.8,-7.2,
Chris Durr Jr.,Wyoming,70.0,173.0,29.0,366.0,5.0,52.3,-43.9,12.0,10.4,-7.2,
Cam'ron Lacy,Middle Tennessee,68.0,164.0,33.0,421.0,6.0,46.8,-44.3,12.3,10.4,-7.2,
Robby Washington,Coastal Carolina,71.0,180.0,28.0,321.0,5.0,29.2,-43.2,11.2,10.4,-7.2,
Kobe Prentice,Baylor,71.0,190.0,23.0,315.0,4.0,35.0,-44.0,11.2,11.1,-7.2,
Caden High,Stanford,70.0,165.0,36.0,422.0,6.0,35.2,-44.8,12.7,10.4,-7.2,
Chris Reed,Sam Houston,72.0,190.0,24.0,316.0,5.0,31.6,-43.8,11.4,10.4,-7.3,
Waden Charles,UCF,74.0,185.0,26.0,290.0,4.0,29.0,-43.3,11.1,10.4,-7.3,
Kameron Courtney,Virginia,71.0,193.0,24.0,230.0,3.0,20.9,-43.6,10.4,11.1,-7.4,
Raiden Vines-Bright,Washington,73.0,200.0,21.0,233.0,3.0,23.3,-43.8,10.5,11.1,-7.4,
Lawayne McCoy,Florida State,73.0,184.0,26.0,396.0,6.0,39.6,-43.6,11.1,10.4,-7.4,
Mikey Matthews,UCLA,69.0,180.0,30.0,292.0,4.0,26.5,-45.3,11.9,11.1,-7.4,
Sawyer Racanelli,Wake Forest,75.0,208.0,17.0,314.0,4.0,44.9,-44.8,11.1,11.1,-7.5,
Caleb Goodie,Cincinnati,73.0,178.0,29.0,484.0,7.0,48.4,-44.4,11.1,10.4,-7.6,
Keontez Lewis,Oklahoma,74.0,197.0,20.0,236.0,3.0,33.7,-44.0,10.8,10.4,-7.6,
Ronnel Johnson,Missouri State,72.0,178.0,29.0,388.0,6.0,38.8,-44.2,11.2,10.4,-7.6,
Davion Dozier,App State,76.0,205.0,19.0,429.0,6.0,61.3,-44.9,11.3,10.3,-7.7,
Zion Steptoe,Tulsa,71.0,195.0,21.0,274.0,4.0,39.1,-44.9,10.6,11.1,-7.7,
Titus Mokiao-Atimalala,UCLA,73.0,190.0,25.0,316.0,5.0,31.6,-44.3,10.9,10.4,-7.7,
Tristan Smith,Clemson,77.0,205.0,22.0,222.0,3.0,24.7,-46.0,12.3,10.3,-7.8,
Luke Wysong,Arizona,70.0,192.0,23.0,275.0,4.0,25.0,-43.2,11.0,8.8,-7.8,
Gary Bryant Jr.,Oregon,71.0,191.0,25.0,298.0,4.0,33.1,-45.8,11.4,11.1,-7.8,
Chas Nimrod,South Florida,74.0,198.0,23.0,466.0,7.0,77.7,-44.8,10.8,10.4,-7.9,
EJ Horton Jr.,Purdue,73.0,190.0,26.0,280.0,4.0,28.0,-44.9,10.9,10.4,-7.9,
De'Andre Tamarez,Marshall,71.0,175.0,32.0,432.0,6.0,39.3,-45.4,11.2,10.4,-7.9,
Makai Cope,Missouri State,75.0,210.0,20.0,269.0,4.0,26.9,-45.7,10.8,11.1,-7.9,
Ezekiel Avit,Fresno State,74.0,194.0,24.0,249.0,4.0,27.7,-45.0,10.8,10.4,-7.9,
Micah Davis,Southern Miss,72.0,195.0,27.0,352.0,5.0,29.3,-46.2,11.4,11.1,-7.9,
Jalen Smith,Minnesota,73.0,195.0,23.0,379.0,5.0,42.1,-45.1,11.1,10.4,-7.9,
Devonte Ross,Penn State,70.0,170.0,35.0,394.0,6.0,35.8,-46.2,12.1,10.4,-7.9,
Donovan Brown,San Diego State,73.0,180.0,32.0,474.0,7.0,39.5,-46.1,11.7,10.4,-8.0,
JoJo Bermudez,Temple,69.0,170.0,36.0,504.0,7.0,42.0,-47.1,12.8,10.4,-8.0,
Grady O'Neill,Sam Houston,70.0,170.0,34.0,352.0,5.0,39.1,-46.5,12.2,10.4,-8.0,
AJ Wilson,UTSA,74.0,190.0,26.0,426.0,6.0,42.6,-45.3,11.1,10.4,-8.0,
Hunter Summers,Arkansas State,75.0,161.0,42.0,475.0,7.0,36.5,-47.6,12.9,10.4,-8.1,
PJ Johnson III,New Mexico State,72.0,190.0,27.0,335.0,5.0,33.5,-46.1,11.4,10.4,-8.1,
Bryant Wesco Jr.,Clemson,74.0,185.0,30.0,501.0,7.0,83.5,-45.7,11.0,10.4,-8.1,
Tre Spivey,Arizona,76.0,213.0,20.0,304.0,4.0,27.6,-45.7,11.1,10.3,-8.1,
Zavion Thomas,LSU,70.0,192.0,22.0,279.0,4.0,31.0,-44.1,11.1,8.8,-8.1,
Peyton Higgins,Troy,70.0,180.0,35.0,295.0,4.0,22.7,-47.1,12.4,10.4,-8.1,
Shelton Sampson Jr.,Louisiana,76.0,195.0,26.0,438.0,6.0,48.7,-46.9,12.2,10.4,-8.1,
Richie Hoskins,Vanderbilt,73.0,196.0,26.0,281.0,4.0,25.5,-45.8,11.0,10.4,-8.1,
Will Pauling,Notre Dame,70.0,190.0,24.0,331.0,5.0,33.1,-44.5,11.2,8.8,-8.2,
Tama Uiliata,Hawai'i,71.0,190.0,28.0,231.0,3.0,23.1,-46.8,11.2,11.1,-8.2,
Armani Winfield,Colorado State,74.0,205.0,21.0,278.0,4.0,30.9,-46.0,10.2,11.1,-8.2,
Marlion Jackson,Louisiana Tech,74.0,205.0,20.0,361.0,5.0,45.1,-46.0,10.2,11.1,-8.2,
Vandrevius Jacobs,South Carolina,72.0,182.0,29.0,375.0,5.0,46.9,-46.2,11.1,10.4,-8.2,
Micahi Danzy,Florida State,73.0,189.0,26.0,569.0,8.0,63.2,-45.9,11.0,10.4,-8.2,
Carl Chester,Southern Miss,75.0,200.0,26.0,474.0,7.0,39.5,-47.1,11.9,10.4,-8.3,
Nick DeGennaro,James Madison,73.0,196.0,25.0,381.0,5.0,38.1,-46.4,11.1,10.4,-8.3,
Justus Ross-Simmons,Syracuse,75.0,210.0,19.0,306.0,4.0,43.7,-46.7,10.8,11.1,-8.3,
Keenan Jackson,NC State,75.0,200.0,28.0,283.0,4.0,23.6,-47.2,11.9,10.4,-8.3,
CJ Brown,Arkansas,73.0,194.0,27.0,309.0,4.0,28.1,-46.2,10.8,10.4,-8.3,
Jmariyae Robinson,Missouri State,73.0,165.0,39.0,542.0,8.0,45.2,-47.5,12.1,10.4,-8.3,
Kaden Wetjen,Iowa,69.0,196.0,20.0,157.0,2.0,17.4,-43.9,10.2,8.8,-8.3,
Marquis Johnson,Missouri,71.0,185.0,28.0,351.0,5.0,43.9,-46.7,11.5,10.4,-8.3,
Anthony Brown-Stephens,Tulane,70.0,170.0,39.0,470.0,7.0,36.2,-48.3,12.7,10.4,-8.4,
Keith Reynolds,Miami (OH),69.0,180.0,36.0,352.0,5.0,27.1,-48.6,12.3,11.1,-8.4,
Drayden Dickmann,Rice,71.0,181.0,34.0,281.0,4.0,23.4,-47.2,11.6,10.4,-8.4,
Jonah Burton,Idaho State,71.0,196.0,20.0,228.0,3.0,45.6,-44.6,10.5,8.8,-8.4,
Brandon White,Hawai'i,68.0,170.0,37.0,384.0,5.0,34.9,-48.4,12.4,10.4,-8.5,
Emmett Mosley V,Texas,74.0,205.0,21.0,294.0,4.0,49.0,-46.9,10.2,11.1,-8.5,
Wesley Grimes,NC State,74.0,193.0,27.0,375.0,5.0,37.5,-46.7,10.8,10.4,-8.5,
Raylen Sharpe,Arkansas,69.0,165.0,40.0,572.0,8.0,47.7,-49.0,13.2,10.4,-8.5,
Chris Barnes,Wake Forest,67.0,168.0,38.0,543.0,8.0,49.4,-49.5,12.7,11.1,-8.5,
Jeremy Scott,South Alabama,75.0,208.0,22.0,322.0,5.0,35.8,-47.6,11.1,11.1,-8.5,
Bryson Graves,Coastal Carolina,72.0,180.0,33.0,313.0,4.0,28.5,-46.9,11.1,10.4,-8.5,
Chris Hunter,Arizona,73.0,193.0,27.0,366.0,5.0,36.6,-46.9,10.9,10.4,-8.6,
Nick Devereaux,Eastern Michigan,73.0,190.0,30.0,457.0,7.0,38.1,-47.4,11.2,10.4,-8.6,
TK King,New Mexico State,69.0,180.0,33.0,453.0,6.0,64.7,-49.1,12.0,11.1,-8.7,
Adrian Norton,Marshall,72.0,190.0,28.0,320.0,5.0,40.0,-48.0,11.4,10.4,-8.7,
Taz Reddicks,Oregon State,71.0,194.0,27.0,351.0,5.0,35.1,-47.8,10.6,11.1,-8.7,
Darrell Gill jr.,Syracuse,75.0,190.0,30.0,473.0,7.0,47.3,-48.4,12.0,10.4,-8.7,
Chase Penry,Boise State,72.0,194.0,29.0,384.0,5.0,34.9,-48.4,11.2,11.1,-8.7,
Talique Williams,Western Michigan,69.0,177.0,34.0,471.0,7.0,52.3,-49.1,12.0,11.1,-8.7,
Omari Hayes,Tulane,69.0,170.0,39.0,519.0,7.0,43.2,-49.6,12.9,10.4,-8.8,
AJ Jones,Middle Tennessee,75.0,212.0,23.0,169.0,2.0,16.9,-48.0,10.6,11.1,-8.8,
Noah Short,Army,72.0,195.0,29.0,360.0,5.0,32.7,-48.6,11.0,11.1,-8.8,
Landon Sides,North Texas,71.0,190.0,32.0,433.0,6.0,36.1,-49.4,11.5,11.1,-8.9,
Brett Eskildsen,Iowa State,73.0,200.0,26.0,398.0,6.0,39.8,-48.4,10.5,11.1,-8.9,
John Neider,UConn,74.0,205.0,25.0,355.0,5.0,32.3,-48.0,10.2,11.1,-8.9,
Rico Flores Jr.,UCLA,74.0,205.0,23.0,252.0,4.0,31.5,-48.1,10.2,11.1,-8.9,
Vinny Anthony II,Wisconsin,72.0,190.0,30.0,382.0,5.0,38.2,-48.6,11.4,10.4,-9.0,
Jamari Person,Liberty,73.0,200.0,27.0,300.0,4.0,30.0,-48.8,10.5,11.1,-9.0,
Roman Mothershed,Troy,76.0,208.0,23.0,259.0,4.0,32.4,-48.5,11.2,10.3,-9.0,
Ayden Greene,Virginia Tech,74.0,190.0,30.0,514.0,7.0,46.7,-48.2,11.0,10.4,-9.0,
Cameron Wright,Coastal Carolina,76.0,210.0,24.0,274.0,4.0,27.4,-48.5,11.0,10.3,-9.1,
Jake Thaw,Delaware,73.0,195.0,28.0,299.0,4.0,33.2,-48.7,11.1,10.4,-9.1,
Tommy McIntosh,Central Michigan,77.0,210.0,28.0,403.0,6.0,31.0,-49.7,12.1,10.3,-9.1,
Sterling Berkhalter,Wake Forest,75.0,203.0,29.0,397.0,6.0,33.1,-49.7,12.2,10.3,-9.1,
Terrill Davis,Oklahoma State,72.0,195.0,29.0,377.0,5.0,41.9,-49.9,11.0,11.1,-9.2,
Terence Loville,Portland State,72.0,185.0,32.0,471.0,7.0,52.3,-49.2,11.2,10.4,-9.2,
Porter Rooks,Eastern Michigan,73.0,200.0,27.0,221.0,3.0,24.6,-49.3,10.5,11.1,-9.2,
Brady Anderson,Army,73.0,210.0,14.0,381.0,5.0,47.6,-44.4,7.9,8.8,-9.2,
Cam Vaughn,West Virginia,74.0,185.0,33.0,497.0,7.0,45.2,-48.9,11.0,10.4,-9.2,
Kole Wilson,Baylor,69.0,171.0,39.0,508.0,7.0,46.2,-50.4,12.4,10.4,-9.2,
J. Michael Sturdivant,Florida,75.0,213.0,26.0,349.0,5.0,29.1,-49.9,11.0,11.1,-9.3,
Dezmen Roebuck,Washington,71.0,175.0,37.0,526.0,8.0,52.6,-50.1,11.7,10.4,-9.3,
Moussa Barry,Western Kentucky,74.0,194.0,30.0,448.0,6.0,40.7,-49.0,10.8,10.4,-9.3,
Dash Luke,Missouri State,68.0,175.0,39.0,556.0,8.0,46.3,-51.8,12.8,11.1,-9.3,
Scrappy Osby,Nicholls,71.0,180.0,36.0,308.0,4.0,28.0,-49.6,11.2,10.4,-9.3,
Tanook Hines,USC,72.0,195.0,32.0,490.0,7.0,37.7,-50.2,11.4,11.1,-9.3,
Vernell Brown III,Florida,71.0,178.0,36.0,501.0,7.0,50.1,-50.2,11.5,10.4,-9.4,
Bryce Bohanon,Tulane,69.0,185.0,30.0,388.0,6.0,38.8,-48.1,11.2,8.8,-9.4,
Deondre Johnson,Jacksonville State,80.0,211.0,26.0,582.0,8.0,52.9,-51.0,12.5,10.3,-9.4,
Jacory Barney Jr.,Nebraska,72.0,170.0,42.0,495.0,7.0,38.1,-50.5,12.0,10.4,-9.4,
Chedon James,Incarnate Word,69.0,173.0,37.0,363.0,5.0,51.9,-50.6,12.0,10.4,-9.4,
Charlie Becker,Indiana,76.0,204.0,27.0,526.0,8.0,47.8,-49.8,11.4,10.3,-9.4,
Sam Mbake,App State,75.0,210.0,23.0,201.0,3.0,28.7,-49.9,10.8,11.1,-9.4,
Bralon Brown,Southern Miss,74.0,205.0,29.0,346.0,5.0,28.8,-50.1,10.6,11.1,-9.5,
Donovan Hamilton,Ball State,75.0,215.0,20.0,244.0,3.0,34.9,-49.0,9.5,11.1,-9.5,
Cayden Lee,Ole Miss,71.0,175.0,42.0,581.0,8.0,38.7,-51.2,12.3,10.4,-9.5,
Jasaiah Gathings,Buffalo,73.0,190.0,33.0,346.0,5.0,31.5,-49.9,10.8,10.4,-9.6,
Kam Perry,Miami (OH),69.0,168.0,41.0,901.0,13.0,69.3,-52.2,13.2,10.4,-9.6,
Caleb Coombs,Jacksonville State,71.0,187.0,37.0,300.0,4.0,25.0,-51.7,11.8,11.1,-9.6,
Malik McClain,Arizona State,77.0,205.0,30.0,425.0,6.0,38.6,-51.6,12.2,10.3,-9.7,
Malik Rutherford,Georgia Tech,69.0,170.0,40.0,402.0,6.0,44.7,-51.6,12.2,10.4,-9.7,
Miles Coleman,North Texas,66.0,159.0,46.0,499.0,7.0,41.6,-52.4,12.8,10.4,-9.7,
Deuce Alexander,Ole Miss,72.0,175.0,43.0,596.0,9.0,39.7,-51.9,12.1,10.4,-9.8,
Troy Omeire,UNLV,76.0,210.0,28.0,428.0,6.0,35.7,-50.9,11.3,10.3,-9.8,
Reese Smith,Liberty,70.0,205.0,21.0,189.0,3.0,23.6,-48.0,9.9,8.8,-9.8,
Nick Cenacle,Hawai'i,74.0,200.0,27.0,201.0,3.0,28.7,-50.5,10.8,10.4,-9.8,
Lotzeir Brooks,Alabama,69.0,191.0,30.0,415.0,6.0,34.6,-48.8,10.5,8.8,-9.8,
Dominique Henry,Florida Atlantic,71.0,185.0,37.0,456.0,7.0,38.0,-51.9,11.8,10.4,-9.9,
Tre Richardson,Vanderbilt,70.0,175.0,40.0,527.0,8.0,47.9,-52.3,12.2,10.4,-9.9,
Brandon Inniss,Ohio State,72.0,199.0,34.0,262.0,4.0,20.2,-51.3,10.5,11.1,-9.9,
Eugene Wilson III,Florida,70.0,194.0,26.0,259.0,4.0,43.2,-48.9,10.0,8.8,-10.0,
Jeremiah McClellan,Oregon,72.0,195.0,36.0,532.0,8.0,38.0,-52.9,11.6,11.1,-10.1,
Isiah Canion,Georgia Tech,76.0,215.0,27.0,402.0,6.0,36.5,-52.1,10.7,11.1,-10.1,
DT Sheffield,Rutgers,70.0,175.0,42.0,551.0,8.0,45.9,-53.5,12.6,10.4,-10.2,
Nitro Tuggle,Purdue,73.0,195.0,34.0,505.0,7.0,42.1,-52.3,11.4,10.4,-10.2,
Baylin Brooks,Western Michigan,73.0,207.0,27.0,372.0,5.0,28.6,-48.8,9.3,8.8,-10.2,
DeAndre Moore Jr.,Texas,72.0,192.0,35.0,466.0,7.0,46.6,-53.4,11.3,11.1,-10.3,
Jayce Brown,Kansas State,72.0,179.0,39.0,655.0,9.0,72.8,-52.8,11.6,10.4,-10.3,
Jeff Caldwell,Cincinnati,77.0,215.0,29.0,438.0,6.0,36.5,-53.0,11.8,10.3,-10.3,
Kobe Paysour,North Carolina,73.0,190.0,34.0,425.0,6.0,47.2,-52.1,10.9,10.4,-10.3,
Donnie Gray,Massachusetts,74.0,210.0,28.0,262.0,4.0,23.8,-51.2,8.8,11.1,-10.4,
Karsyn Pupunu,Hawai'i,75.0,205.0,33.0,306.0,4.0,25.5,-52.8,11.4,10.3,-10.4,
Trayvon Rudolph,Toledo,70.0,187.0,39.0,435.0,6.0,33.5,-53.5,11.2,11.1,-10.4,
Jamari Hawkins,Memphis,69.0,185.0,36.0,554.0,8.0,42.6,-51.7,11.6,8.8,-10.4,
Noah Rogers,NC State,74.0,205.0,31.0,413.0,6.0,37.5,-52.9,10.2,11.1,-10.5,
Reymello Murphy,UConn,72.0,185.0,39.0,476.0,7.0,39.7,-53.3,11.5,10.4,-10.5,
E.J. Williams Jr.,Indiana,76.0,203.0,35.0,425.0,6.0,35.4,-54.4,12.6,10.3,-10.5,
Raphael Williams Jr.,Pittsburgh,70.0,165.0,48.0,689.0,10.0,53.0,-55.2,13.2,10.4,-10.5,
Donovan Olugbode,Missouri,74.0,207.0,29.0,379.0,5.0,37.9,-52.4,9.9,11.1,-10.5,
Carlos Hernandez,Wake Forest,72.0,192.0,38.0,448.0,6.0,37.3,-54.5,11.6,11.1,-10.6,
Jamarien Wheeler,Eastern Michigan,72.0,210.0,21.0,252.0,4.0,31.5,-48.8,8.1,8.8,-10.6,
Colin Chase,Temple,72.0,195.0,37.0,401.0,6.0,33.4,-54.4,11.4,11.1,-10.6,
Dakorien Moore,Oregon,71.0,195.0,34.0,501.0,7.0,45.5,-53.5,10.6,11.1,-10.6,
Cameron Seldon,Virginia Tech,73.0,211.0,22.0,161.0,2.0,17.9,-48.5,7.7,8.8,-10.7,
Anthony Eager,South Alabama,73.0,182.0,42.0,358.0,5.0,29.8,-54.1,11.7,10.4,-10.7,
Chris Marshall,Boise State,75.0,211.0,29.0,563.0,8.0,56.3,-54.0,10.6,11.1,-10.7,
Nahzae Cox,Middle Tennessee,75.0,200.0,34.0,430.0,6.0,43.0,-54.2,11.5,10.4,-10.8,
E. Jai Mason,Charlotte,73.0,205.0,30.0,407.0,6.0,40.7,-53.0,9.4,11.1,-10.8,
Hudson Clement,Illinois,73.0,205.0,33.0,390.0,6.0,30.0,-53.0,9.5,11.1,-10.8,
Chase Sowell,Iowa State,75.0,210.0,30.0,490.0,7.0,49.0,-54.2,10.8,11.1,-10.8,
Sean Brown,Charlotte,76.0,200.0,35.0,504.0,7.0,45.8,-54.6,11.9,10.4,-10.8,
Colbie Young,Georgia,75.0,215.0,26.0,382.0,5.0,47.8,-53.0,9.5,11.1,-10.8,
Rodney Harris II,Ohio,74.0,211.0,28.0,356.0,5.0,35.6,-52.7,8.8,11.1,-10.9,
Dillon Bell,Georgia,73.0,210.0,25.0,282.0,4.0,25.6,-49.3,7.9,8.8,-10.9,
Rara Thomas,Troy,74.0,208.0,31.0,413.0,6.0,37.5,-53.8,9.9,11.1,-10.9,
Christian Neptune,South Florida,71.0,189.0,38.0,336.0,5.0,33.6,-54.9,11.2,11.1,-10.9,
Octavian Smith Jr.,Maryland,72.0,182.0,42.0,530.0,8.0,44.2,-55.1,11.9,10.4,-10.9,
Malik Benson,Oregon,73.0,195.0,39.0,534.0,8.0,38.1,-55.0,11.6,10.4,-11.0,
Aaron Anderson,LSU,68.0,188.0,32.0,403.0,6.0,50.4,-51.8,10.0,8.8,-11.0,
Daejon Reynolds,UNLV,74.0,210.0,29.0,431.0,6.0,39.2,-52.9,8.8,11.1,-11.0,
Kyron Hudson,Penn State,73.0,215.0,21.0,265.0,4.0,29.4,-49.3,7.4,8.8,-11.0,
Dalton Stroman,App State,76.0,210.0,33.0,582.0,8.0,44.8,-55.1,11.4,10.3,-11.1,
Joseph Williams,Colorado,74.0,200.0,34.0,460.0,7.0,46.0,-54.5,10.8,10.4,-11.1,
Barion Brown,LSU,71.0,185.0,39.0,386.0,6.0,42.9,-55.1,11.5,10.4,-11.1,
Eric Rivers,Georgia Tech,71.0,180.0,43.0,631.0,9.0,52.6,-56.0,12.0,10.4,-11.2,
Brandon Hawkins Jr.,UAB,70.0,190.0,36.0,404.0,6.0,36.7,-53.5,11.2,8.8,-11.2,
Cyrus Allen,Cincinnati,71.0,180.0,44.0,567.0,8.0,43.6,-55.9,12.0,10.4,-11.2,
Brady Boyd,Utah State,73.0,195.0,39.0,569.0,8.0,43.8,-56.0,11.6,10.4,-11.3,
Cade Harris,Air Force,68.0,185.0,35.0,596.0,9.0,59.6,-53.0,10.3,8.8,-11.3,
Jordan King,California,74.0,220.0,21.0,265.0,4.0,26.5,-49.6,7.0,8.8,-11.3,
Javon Robinson,Georgia State,67.0,155.0,54.0,585.0,8.0,48.8,-57.6,13.3,10.4,-11.3,
David Wells Jr.,Oregon State,73.0,183.0,42.0,468.0,7.0,42.5,-55.6,11.0,10.4,-11.4,
Hayden Eligon II,Northwestern,76.0,210.0,33.0,454.0,6.0,41.3,-55.6,10.9,10.3,-11.5,
Trebor Pena,Penn State,70.0,186.0,44.0,419.0,6.0,34.9,-58.0,12.3,11.1,-11.5,
Peyton Kramer,Tarleton State,71.0,175.0,47.0,750.0,11.0,57.7,-57.7,12.5,10.4,-11.6,
Joshua Manning,Missouri,74.0,213.0,28.0,287.0,4.0,26.1,-52.2,8.7,8.8,-11.6,
Romello Brinson,SMU,74.0,190.0,40.0,517.0,7.0,51.7,-56.4,11.2,10.4,-11.6,
Kenny Odom,UTEP,70.0,170.0,48.0,366.0,5.0,36.6,-57.5,12.2,10.4,-11.7,
Jordan Faison,Notre Dame,70.0,183.0,45.0,587.0,8.0,48.9,-58.6,12.6,11.1,-11.7,
Isaiah Horton,Alabama,76.0,208.0,38.0,480.0,7.0,34.3,-56.9,11.5,10.3,-11.7,
Zion Booker,Tulsa,70.0,185.0,42.0,392.0,6.0,49.0,-58.1,11.9,11.1,-11.7,
Sahmir Hagans,Duke,70.0,190.0,40.0,416.0,6.0,32.0,-55.2,11.4,8.8,-11.7,
David Amador II,UTSA,72.0,195.0,40.0,400.0,6.0,36.4,-57.6,11.0,11.1,-11.8,
Brock Spalding,East Carolina,71.0,193.0,41.0,555.0,8.0,42.7,-57.5,10.8,11.1,-11.8,
Langston Lewis,Central Michigan,72.0,195.0,41.0,454.0,6.0,37.8,-57.9,11.4,11.1,-11.8,
Mudia Reuben,South Florida,74.0,210.0,32.0,330.0,5.0,33.0,-55.5,8.8,11.1,-11.9,
Kajiya Hollawayne,Temple,76.0,210.0,35.0,423.0,6.0,38.5,-57.1,10.9,10.3,-11.9,
Marcel Williams,Akron,71.0,185.0,43.0,599.0,9.0,54.5,-57.8,11.6,10.4,-11.9,
Javon Tracy,Minnesota,72.0,205.0,30.0,370.0,5.0,37.0,-53.2,8.5,8.8,-12.0,
Ashtyn Hawkins,Baylor,70.0,168.0,52.0,616.0,9.0,51.3,-59.6,13.1,10.4,-12.0,
Reed Harris,Boston College,77.0,217.0,33.0,557.0,8.0,55.7,-58.2,11.9,10.3,-12.0,
Terrell Anderson,NC State,74.0,204.0,38.0,622.0,9.0,47.8,-58.0,10.7,11.1,-12.1,
DJ Epps,Troy,73.0,185.0,44.0,449.0,6.0,40.8,-57.7,11.1,10.4,-12.1,
Tony Freeman,Washington State,68.0,171.0,53.0,531.0,8.0,40.8,-61.0,13.2,11.1,-12.2,
Shaleak Knotts,Maryland,75.0,194.0,42.0,687.0,10.0,62.5,-59.2,12.2,10.4,-12.2,
Jeremiah Koger,South Florida,75.0,209.0,36.0,552.0,8.0,61.3,-58.7,11.2,11.1,-12.2,
Christian Moss,Kennesaw State,75.0,199.0,41.0,643.0,9.0,53.6,-59.3,12.0,10.4,-12.3,
Ryan Williams,Alabama,72.0,178.0,48.0,681.0,10.0,56.8,-59.4,12.1,10.4,-12.3,
Dakota Thomas,Nevada,72.0,212.0,26.0,269.0,4.0,38.4,-53.6,8.0,8.8,-12.3,
Omari Kelly,Michigan State,72.0,188.0,44.0,602.0,9.0,50.2,-58.9,11.6,10.4,-12.3,
Emmanuel Henderson Jr.,Kansas,73.0,190.0,43.0,746.0,11.0,62.2,-59.1,11.6,10.4,-12.4,
Andrew Marsh,Michigan,72.0,190.0,43.0,645.0,9.0,71.7,-59.3,11.6,10.4,-12.4,
Jaden Barnes,App State,68.0,170.0,51.0,523.0,7.0,58.1,-60.8,12.9,10.4,-12.5,
Malachi Fields,Notre Dame,76.0,223.0,31.0,545.0,8.0,49.5,-58.2,9.5,11.1,-12.5,
Gavin Freeman,Oklahoma State,68.0,185.0,40.0,323.0,5.0,32.3,-56.4,10.1,8.8,-12.5,
Donaven McCulley,Michigan,77.0,215.0,38.0,566.0,8.0,43.5,-60.1,12.0,10.3,-12.6,
Elijah Metcalf,Southern Miss,69.0,170.0,53.0,651.0,9.0,54.2,-61.5,12.9,10.4,-12.7,
Ja'Cory Thomas,Old Dominion,75.0,210.0,39.0,673.0,10.0,56.1,-61.0,11.3,11.1,-12.9,
Dane Key,Nebraska,75.0,210.0,39.0,478.0,7.0,43.5,-60.7,10.7,11.1,-12.9,
Johntay Cook,Syracuse,72.0,198.0,42.0,518.0,7.0,47.1,-60.5,10.5,11.1,-13.0,
Le'Meke Brockington,Minnesota,72.0,195.0,44.0,478.0,7.0,43.5,-61.1,11.0,11.1,-13.0,
Latrell Caples,Boise State,72.0,191.0,47.0,558.0,8.0,42.9,-61.4,11.9,10.4,-13.0,
Marcus Sanders Jr.,Georgia Southern,73.0,190.0,46.0,677.0,10.0,52.1,-60.7,11.3,10.4,-13.0,
Brenen Thompson,Mississippi State,69.0,170.0,53.0,979.0,14.0,75.3,-62.6,13.2,10.4,-13.0,
Kwazi Gilmer,UCLA,74.0,190.0,47.0,475.0,7.0,39.6,-60.9,11.6,10.4,-13.0,
Duane Thomas Jr.,UCF,68.0,175.0,53.0,554.0,8.0,46.2,-63.1,12.8,11.1,-13.1,
Cody Jackson,Tarleton State,72.0,185.0,47.0,636.0,9.0,57.8,-60.9,11.3,10.4,-13.1,
Chauncey Spikes,North Carolina Central,74.0,200.0,42.0,542.0,8.0,49.3,-60.6,10.9,10.4,-13.1,
Jackson Harris,Hawai'i,75.0,205.0,40.0,624.0,9.0,62.4,-60.8,11.2,10.3,-13.1,
Collin Dixon,Illinois,73.0,210.0,34.0,541.0,8.0,41.6,-56.4,8.4,8.8,-13.1,
Matthew Henry,Western Kentucky,71.0,176.0,52.0,833.0,12.0,64.1,-62.5,12.5,10.4,-13.2,
Yannick Smith,East Carolina,75.0,207.0,40.0,503.0,7.0,50.3,-61.1,11.1,10.3,-13.2,
Nyck Harbor,South Carolina,77.0,235.0,26.0,426.0,6.0,42.6,-57.4,8.9,8.8,-13.3,
Jayshon Platt,Florida Atlantic,73.0,195.0,44.0,681.0,10.0,61.9,-61.4,11.2,10.4,-13.3,
Joseph Manjack IV,TCU,75.0,205.0,42.0,556.0,8.0,50.5,-61.9,11.1,10.3,-13.5,
Landon Ellis,James Madison,74.0,213.0,34.0,594.0,8.0,54.0,-58.4,8.9,8.8,-13.6,
Junior Sherrill,Vanderbilt,71.0,188.0,50.0,721.0,10.0,55.5,-64.1,12.0,11.1,-13.6,
Que'Sean Brown,Duke,68.0,165.0,59.0,712.0,10.0,50.9,-64.3,13.1,10.4,-13.6,
Cam Pickett,Kansas,72.0,200.0,45.0,462.0,7.0,38.5,-62.7,10.4,11.1,-13.7,
Eric Singleton Jr.,Auburn,70.0,180.0,52.0,487.0,7.0,44.3,-63.6,12.0,10.4,-13.7,
Cole Weaver,Miami (OH),77.0,220.0,41.0,588.0,8.0,49.0,-64.6,11.8,11.1,-13.9,
Gabriel Benyard,Kennesaw State,70.0,185.0,53.0,725.0,10.0,51.8,-65.3,12.6,11.1,-13.9,
Omarion Miller,Colorado,74.0,210.0,39.0,680.0,10.0,61.8,-61.7,9.0,11.1,-13.9,
Shazz Preston,Tulane,72.0,206.0,40.0,584.0,8.0,41.7,-59.8,8.9,8.8,-14.0,
Mario Craver,Texas A&M,69.0,165.0,59.0,911.0,13.0,75.9,-65.7,13.4,10.4,-14.0,
Kenny Johnson,Pittsburgh,73.0,205.0,43.0,597.0,9.0,49.8,-62.9,9.7,11.1,-14.1,
Jordan Napier,San Diego State,73.0,195.0,47.0,633.0,9.0,63.3,-63.9,11.3,10.4,-14.1,
Cameron Dorner,North Texas,73.0,195.0,49.0,734.0,10.0,52.4,-64.4,11.7,10.4,-14.1,
Josiah Freeman,Fresno State,75.0,196.0,50.0,596.0,9.0,49.7,-65.5,12.7,10.4,-14.1,
Nyziah Hunter,Nebraska,73.0,205.0,43.0,617.0,9.0,51.4,-63.0,9.7,11.1,-14.1,
Reggie Virgil,Texas Tech,75.0,190.0,53.0,658.0,9.0,47.0,-65.3,12.7,10.4,-14.1,
Cam Ross,Virginia,70.0,186.0,52.0,577.0,8.0,52.5,-65.8,12.1,11.1,-14.2,
Ja'Kobi Lane,USC,76.0,200.0,48.0,735.0,10.0,66.8,-65.6,12.6,10.4,-14.2,
Carnell Tate,Ohio State,75.0,195.0,49.0,823.0,12.0,74.8,-65.4,12.5,10.4,-14.2,
Victor Snow,Buffalo,68.0,168.0,59.0,783.0,11.0,65.2,-66.5,13.2,10.4,-14.3,
Leland Smith,San José State,76.0,215.0,42.0,650.0,9.0,59.1,-64.8,10.9,11.1,-14.3,
O'Mega Blake,Arkansas,74.0,182.0,54.0,714.0,10.0,59.5,-65.3,11.9,10.4,-14.3,
CJ Daniels,Miami,74.0,205.0,45.0,464.0,7.0,42.2,-64.3,10.2,11.1,-14.4,
Antonio Williams,Clemson,71.0,190.0,51.0,526.0,8.0,65.8,-66.2,11.4,11.1,-14.6,
Dalen Cobb,Georgia Southern,69.0,180.0,56.0,513.0,7.0,46.6,-67.4,12.2,11.1,-14.7,
Brock Rechsteiner,Jacksonville State,74.0,225.0,33.0,356.0,5.0,32.4,-60.1,7.1,8.8,-14.7,
Jordan Dwyer,TCU,72.0,195.0,51.0,626.0,9.0,52.2,-66.8,11.6,11.1,-14.7,
T.J. Moore,Clemson,75.0,200.0,50.0,745.0,11.0,62.1,-67.2,12.5,10.4,-14.8,
De'Zhaun Stribling,Ole Miss,74.0,200.0,51.0,722.0,10.0,48.1,-66.5,11.4,10.4,-14.9,
Coy Eakin,Texas Tech,74.0,210.0,45.0,552.0,8.0,42.5,-64.9,9.2,11.1,-14.9,
Na'eem Abdul-Rahim Gladding,Old Dominion,72.0,198.0,50.0,672.0,10.0,51.7,-66.6,10.7,11.1,-14.9,
Kris Hutson,Arizona,71.0,174.0,58.0,754.0,11.0,68.5,-66.9,11.8,10.4,-14.9,
DeAree Rogers,Northern Illinois,71.0,200.0,45.0,492.0,7.0,41.0,-63.3,9.5,8.8,-15.0,
Yamir Knight,SMU,68.0,186.0,50.0,564.0,8.0,47.0,-64.4,10.6,8.8,-15.0,
Jaden Bradley,UNLV,76.0,195.0,54.0,866.0,12.0,61.9,-68.7,13.4,10.4,-15.0,
Keshaun Singleton,South Florida,75.0,215.0,44.0,752.0,11.0,62.7,-66.8,10.3,11.1,-15.1,
Donovan Faupel,New Mexico State,73.0,195.0,51.0,548.0,8.0,60.9,-67.2,11.3,10.4,-15.2,
Myles Butler,Middle Tennessee,74.0,205.0,48.0,444.0,6.0,40.4,-66.7,10.2,11.1,-15.2,
Kyri Shoels,San José State,72.0,182.0,57.0,737.0,11.0,61.4,-68.1,12.1,10.4,-15.2,
Jordan Shipp,North Carolina,74.0,190.0,55.0,560.0,8.0,46.7,-67.9,11.8,10.4,-15.2,
Mike Matthews,Tennessee,73.0,200.0,51.0,796.0,11.0,61.2,-68.4,11.2,11.1,-15.3,
Joshua Meredith,Washington State,72.0,193.0,55.0,722.0,10.0,55.5,-69.4,11.9,11.1,-15.4,
Caleb Douglas,Texas Tech,76.0,210.0,49.0,731.0,10.0,56.2,-68.6,11.9,10.3,-15.5,
Aaron Turner,Rice,68.0,184.0,54.0,396.0,6.0,30.5,-65.6,10.3,8.8,-15.5,
Alex Perry,Florida International,77.0,210.0,50.0,697.0,10.0,53.6,-69.1,12.3,10.3,-15.5,
Cam Coleman,Auburn,75.0,201.0,53.0,682.0,10.0,56.8,-69.7,12.4,10.3,-15.7,
KC Concepcion,Texas A&M,71.0,190.0,56.0,814.0,12.0,62.6,-70.0,11.9,11.1,-15.7,
Keagan Johnson,New Mexico,72.0,199.0,52.0,620.0,9.0,62.0,-69.5,10.5,11.1,-15.9,
Isaiah Sategna,Oklahoma,70.0,182.0,61.0,781.0,11.0,65.1,-72.1,13.0,11.1,-16.0,
Jahmal Edrine,Virginia,75.0,221.0,44.0,549.0,8.0,39.2,-66.2,9.0,8.8,-16.1,
Nick Marsh,Michigan State,75.0,203.0,54.0,625.0,9.0,52.1,-70.9,12.3,10.3,-16.1,
Anthony Smith,East Carolina,75.0,189.0,59.0,947.0,14.0,72.8,-71.9,13.2,10.4,-16.1,
Ryan Davis,Utah,71.0,181.0,60.0,681.0,10.0,61.9,-70.7,11.7,10.4,-16.2,
Jalen Walthall,Incarnate Word,73.0,180.0,61.0,791.0,11.0,87.9,-70.4,11.5,10.4,-16.2,
Javen Nicholas,Charlotte,69.0,190.0,53.0,613.0,9.0,51.1,-67.9,10.6,8.8,-16.2,
Jaron Tibbs,Kansas State,74.0,212.0,46.0,582.0,8.0,48.5,-67.0,9.2,8.8,-16.4,
Kyre Duplessis,Delaware,71.0,190.0,59.0,831.0,12.0,63.9,-72.6,11.9,11.1,-16.5,
Deion Burks,Oklahoma,69.0,188.0,56.0,589.0,8.0,45.3,-69.1,10.6,8.8,-16.6,
K.D. Hutchinson,Western Kentucky,68.0,178.0,64.0,636.0,9.0,48.9,-73.1,11.8,11.1,-16.7,
Nik McMillan,Buffalo,73.0,187.0,60.0,901.0,13.0,75.1,-72.5,11.8,10.4,-16.7,
Anthony Evans III,Mississippi State,71.0,180.0,63.0,785.0,11.0,65.4,-72.9,12.3,10.4,-16.7,
Demarcus Lacey,Marshall,72.0,190.0,59.0,633.0,9.0,57.5,-72.3,11.5,10.4,-16.8,
Caullin Lacy,Louisville,70.0,190.0,57.0,592.0,8.0,49.3,-70.8,11.6,8.8,-16.8,
Chauncy Cobb,Arkansas State,66.0,163.0,71.0,806.0,12.0,62.0,-75.3,13.4,11.1,-16.9,
Trond Grizzell,California,76.0,205.0,56.0,795.0,11.0,66.2,-73.5,12.4,10.3,-16.9,
Chase Roberts,BYU,76.0,210.0,54.0,795.0,11.0,61.2,-73.0,11.9,10.3,-16.9,
Asaad Waseem,Florida Atlantic,71.0,175.0,66.0,658.0,9.0,54.8,-73.4,12.3,10.4,-16.9,
Duce Robinson,Florida State,78.0,222.0,51.0,991.0,14.0,82.6,-74.6,12.8,10.3,-17.1,
Trent Walker,Oregon State,74.0,194.0,59.0,758.0,11.0,68.9,-73.2,11.4,10.4,-17.2,
Eli Heidenreich,Navy,72.0,206.0,49.0,924.0,13.0,71.1,-69.6,9.1,8.8,-17.2,
Jordan Hudson,SMU,73.0,200.0,57.0,722.0,10.0,65.6,-73.5,10.8,11.1,-17.2,
Ian Strong,Rutgers,75.0,215.0,51.0,722.0,10.0,72.2,-72.5,9.8,11.1,-17.2,
Devin McCuin,UTSA,72.0,195.0,60.0,644.0,9.0,53.7,-74.3,11.6,11.1,-17.2,
Sean Wilson,Delaware,72.0,185.0,63.0,806.0,12.0,62.0,-73.9,11.9,10.4,-17.2,
Harrison Wallace III,Ole Miss,73.0,195.0,60.0,910.0,13.0,65.0,-74.4,11.8,10.4,-17.4,
Chris Brazzell II,Tennessee,77.0,200.0,61.0,968.0,14.0,80.7,-76.7,14.0,10.4,-17.4,
C.J. Williams,Stanford,73.0,205.0,55.0,635.0,9.0,52.9,-72.9,9.7,11.1,-17.4,
Kevin Coleman Jr.,Missouri,71.0,180.0,66.0,736.0,11.0,61.3,-75.2,12.2,10.4,-17.5,
Trell Harris,Virginia,72.0,200.0,58.0,833.0,12.0,64.1,-74.5,10.9,11.1,-17.5,
Ryan Wingo,Texas,74.0,214.0,50.0,712.0,10.0,54.8,-71.0,9.2,8.8,-17.7,
Iverson Hooks,UAB,70.0,175.0,69.0,869.0,12.0,72.4,-76.8,12.9,10.4,-17.8,
Kendrick Law,Kentucky,72.0,205.0,52.0,569.0,8.0,51.7,-71.0,8.7,8.8,-17.8,
Jordyn Tyson,Arizona State,74.0,200.0,59.0,701.0,10.0,77.9,-74.7,11.1,10.4,-17.8,
Elijah Sarratt,Indiana,74.0,209.0,55.0,699.0,10.0,58.2,-74.0,9.4,11.1,-17.8,
Griffin Wilde,Northwestern,74.0,200.0,60.0,687.0,10.0,57.2,-75.4,11.4,10.4,-17.9,
Ted Hurst,Georgia State,75.0,185.0,66.0,949.0,14.0,86.3,-76.5,12.6,10.4,-17.9,
Jalil Farooq,Maryland,74.0,213.0,52.0,471.0,7.0,39.2,-71.8,9.0,8.8,-18.0,
Camden Brown,Georgia Southern,74.0,200.0,60.0,969.0,14.0,74.5,-76.2,11.8,10.4,-18.0,
Jacquon Gibson,Massachusetts,71.0,195.0,61.0,578.0,8.0,64.2,-76.1,10.8,11.1,-18.0,
Denzel Boston,Washington,76.0,209.0,58.0,786.0,11.0,71.5,-76.4,11.8,10.3,-18.1,
Parker Kingston,BYU,71.0,185.0,66.0,926.0,13.0,66.1,-76.9,12.3,10.4,-18.1,
Braylon Staley,Tennessee,72.0,190.0,65.0,782.0,11.0,60.2,-77.0,12.2,10.4,-18.2,
Braden Pegan,Utah State,75.0,210.0,59.0,829.0,12.0,69.1,-77.7,11.7,11.1,-18.3,
Omar Cooper Jr.,Indiana,72.0,201.0,59.0,814.0,12.0,58.1,-75.1,11.3,8.8,-18.4,
Kevin Coleman Jr.,Mississippi State,70.0,175.0,70.0,1050.0,9.0,87.5,-78.9,13.1,10.4,-18.5,
Hank Beatty,Illinois,71.0,185.0,69.0,863.0,12.0,66.4,-79.4,12.3,10.4,-18.9,
Devin Voisin,South Alabama,70.0,187.0,68.0,799.0,11.0,66.6,-79.6,11.7,11.1,-18.9,
Isaiah Bond,Texas,72.0,185.0,65.0,950.0,8.0,73.1,-76.3,11.8,7.9,-18.9,
Amare Thomas,Houston,72.0,205.0,58.0,758.0,11.0,58.3,-75.7,9.3,8.8,-19.2,
Germie Bernard,Alabama,73.0,204.0,63.0,866.0,12.0,61.9,-79.3,9.9,11.1,-19.4,
Wyatt Young,North Texas,72.0,195.0,67.0,1103.0,16.0,78.8,-81.4,12.0,11.1,-19.4,
KJ Duff,Rutgers,78.0,220.0,61.0,1102.0,16.0,91.8,-82.4,12.8,10.3,-19.7,
Pofele Ashlock,Hawai'i,74.0,185.0,73.0,808.0,12.0,67.3,-82.2,12.3,10.4,-19.8,
Cooper Barkate,Duke,73.0,195.0,69.0,1007.0,14.0,71.9,-82.3,11.8,10.4,-20.0,
Eric McAlister,TCU,75.0,205.0,66.0,1097.0,16.0,91.4,-82.8,12.3,10.3,-20.1,
Zachariah Branch,Georgia,70.0,180.0,78.0,794.0,11.0,56.7,-84.9,13.0,10.4,-20.5,
Michael Jackson III,Purdue,72.0,205.0,63.0,576.0,8.0,48.0,-79.7,9.1,8.8,-20.6,
Beau Sparks,Texas State,71.0,175.0,81.0,1025.0,15.0,78.8,-86.9,12.8,10.4,-21.3,
Josh Cameron,Baylor,73.0,224.0,59.0,664.0,9.0,55.3,-82.0,8.3,8.8,-21.6,
Makai Lemon,USC,71.0,195.0,74.0,1110.0,16.0,92.5,-87.6,11.4,11.1,-21.7,
Chase Hendricks,Ohio,72.0,200.0,73.0,1081.0,15.0,90.1,-87.9,11.1,11.1,-21.9,
Danny Scudero,San José State,69.0,174.0,85.0,1189.0,17.0,99.1,-90.8,13.4,10.4,-22.4,
Junior Vandeross III,Toledo,68.0,182.0,78.0,921.0,13.0,70.8,-87.3,11.4,8.8,-22.4,
Corey Rucker,Arkansas State,72.0,213.0,70.0,944.0,13.0,72.6,-88.9,9.0,8.8,-23.7,
Lewis Bond,Boston College,71.0,190.0,85.0,977.0,14.0,81.4,-94.9,11.9,11.1,-24.0,
Chris Bell,Louisville,74.0,220.0,72.0,924.0,13.0,84.0,-91.9,7.6,8.8,-25.1,
Luther Burden III,Missouri,71.0,205.0,75.0,1100.0,10.0,84.6,-91.7,9.8,5.5,-25.4,
Skyler Bell,UConn,72.0,185.0,93.0,1130.0,16.0,94.2,-100.1,12.2,10.4,-25.8,
Emeka Egbuka,Ohio State,73.0,205.0,85.0,1200.0,11.0,85.7,-100.4,10.2,11.1,-26.4,
Easton Messer,Florida Atlantic,69.0,190.0,89.0,955.0,14.0,79.6,-99.0,10.8,8.8,-26.4,
Jacob De Jesus,California,67.0,170.0,102.0,965.0,14.0,74.2,-104.0,13.3,11.1,-26.6,
Tetairoa McMillan,Arizona,75.0,212.0,90.0,1400.0,12.0,107.7,-106.7,11.8,11.1,-27.9,
Jeremiah Smith,Ohio State,75.0,223.0,82.0,1171.0,17.0,90.1,-101.6,9.2,8.8,-27.9,
Malachi Toney,Miami,71.0,,91.0,965.0,14.0,64.3,-103.9,9.4,8.8,-28.6,
