Player,College,Height,Weight,College_Rec,College_Yards,College_TDs,YPG,Scenario,Draft_Round,RF_Pred_AV,XGB_Pred_AV,Avg_Pred_AV,Production_Score
Danny Scudero,San José State,69.0,174.0,85.0,1189.0,17.0,99.1,Round 1 (Elite Picks 1-32),1,8.1,4.1,6.1,120.94
Skyler Bell,UConn,72.0,185.0,93.0,1130.0,16.0,94.2,Round 1 (Elite Picks 1-32),1,27.3,24.8,26.1,118.30000000000001
Jeremiah Smith,Ohio State,75.0,223.0,82.0,1171.0,17.0,90.1,Round 1 (Elite Picks 1-32),1,7.0,4.5,5.8,115.36
Makai Lemon,USC,71.0,195.0,74.0,1110.0,16.0,92.5,Round 1 (Elite Picks 1-32),1,16.5,5.3,10.9,111.55
Eric McAlister,TCU,75.0,205.0,66.0,1097.0,16.0,91.4,Round 1 (Elite Picks 1-32),1,30.3,24.1,27.2,108.47
Chase Hendricks,Ohio,72.0,200.0,73.0,1081.0,15.0,90.1,Round 1 (Elite Picks 1-32),1,8.8,6.1,7.4,107.75999999999999
KJ Duff,Rutgers,78.0,220.0,61.0,1102.0,16.0,91.8,Round 1 (Elite Picks 1-32),1,6.4,4.0,5.2,107.22
Jacob De Jesus,California,67.0,170.0,102.0,965.0,14.0,74.2,Round 1 (Elite Picks 1-32),1,7.7,4.1,5.9,105.35
Easton Messer,Florida Atlantic,69.0,190.0,89.0,955.0,14.0,79.6,Round 1 (Elite Picks 1-32),1,10.4,5.6,8.0,104.05
Lewis Bond,Boston College,71.0,190.0,85.0,977.0,14.0,81.4,Round 1 (Elite Picks 1-32),1,25.2,24.8,25.0,103.97
Beau Sparks,Texas State,71.0,175.0,81.0,1025.0,15.0,78.8,Round 1 (Elite Picks 1-32),1,8.2,4.1,6.2,103.94999999999999
Wyatt Young,North Texas,72.0,195.0,67.0,1103.0,16.0,78.8,Round 1 (Elite Picks 1-32),1,7.5,4.1,5.8,102.53
Ted Hurst,Georgia State,75.0,185.0,66.0,949.0,14.0,86.3,Round 1 (Elite Picks 1-32),1,6.9,4.1,5.5,100.44
Chris Bell,Louisville,74.0,220.0,72.0,924.0,13.0,84.0,Round 1 (Elite Picks 1-32),1,11.8,5.3,8.6,98.84
Malachi Toney,Miami,71.0,,91.0,965.0,14.0,64.3,Round 1 (Elite Picks 1-32),1,6.5,4.0,5.3,97.1
Chris Brazzell II,Tennessee,77.0,200.0,61.0,968.0,14.0,80.7,Round 1 (Elite Picks 1-32),1,7.1,4.1,5.6,96.33000000000001
Cooper Barkate,Duke,73.0,195.0,69.0,1007.0,14.0,71.9,Round 1 (Elite Picks 1-32),1,17.7,5.3,11.5,94.72
Duce Robinson,Florida State,78.0,222.0,51.0,991.0,14.0,82.6,Round 1 (Elite Picks 1-32),1,17.0,5.3,11.2,94.50999999999999
Junior Vandeross III,Toledo,68.0,182.0,78.0,921.0,13.0,70.8,Round 1 (Elite Picks 1-32),1,16.3,5.3,10.8,94.00999999999999
Camden Brown,Georgia Southern,74.0,200.0,60.0,969.0,14.0,74.5,Round 1 (Elite Picks 1-32),1,18.3,5.3,11.8,92.94
Corey Rucker,Arkansas State,72.0,213.0,70.0,944.0,13.0,72.6,Round 1 (Elite Picks 1-32),1,33.0,24.1,28.6,92.74
Jalen Walthall,Incarnate Word,73.0,180.0,61.0,791.0,11.0,87.9,Round 1 (Elite Picks 1-32),1,13.2,5.3,9.3,92.16
Anthony Smith,East Carolina,75.0,189.0,59.0,947.0,14.0,72.8,Round 1 (Elite Picks 1-32),1,24.8,16.1,20.5,91.57
Brenen Thompson,Mississippi State,69.0,170.0,53.0,979.0,14.0,75.3,Round 1 (Elite Picks 1-32),1,17.6,5.3,11.4,91.34
Mario Craver,Texas A&M,69.0,165.0,59.0,911.0,13.0,75.9,Round 1 (Elite Picks 1-32),1,9.2,6.8,8.0,90.76
Nik McMillan,Buffalo,73.0,187.0,60.0,901.0,13.0,75.1,Round 1 (Elite Picks 1-32),1,14.3,5.3,9.8,90.56
Iverson Hooks,UAB,70.0,175.0,69.0,869.0,12.0,72.4,Round 1 (Elite Picks 1-32),1,11.7,7.9,9.8,89.59
Parker Kingston,BYU,71.0,185.0,66.0,926.0,13.0,66.1,Round 1 (Elite Picks 1-32),1,13.1,7.9,10.5,88.11
Pofele Ashlock,Hawai'i,74.0,185.0,73.0,808.0,12.0,67.3,Round 1 (Elite Picks 1-32),1,7.7,6.8,7.2,87.63
Hank Beatty,Illinois,71.0,185.0,69.0,863.0,12.0,66.4,Round 1 (Elite Picks 1-32),1,15.7,5.3,10.5,86.53
Harrison Wallace III,Ole Miss,73.0,195.0,60.0,910.0,13.0,65.0,Round 1 (Elite Picks 1-32),1,15.6,5.3,10.4,85.6
Eli Heidenreich,Navy,72.0,206.0,49.0,924.0,13.0,71.1,Round 1 (Elite Picks 1-32),1,6.5,4.5,5.5,85.49
Braden Pegan,Utah State,75.0,210.0,59.0,829.0,12.0,69.1,Round 1 (Elite Picks 1-32),1,12.6,5.3,8.9,84.53999999999999
Chris Dawn Jr.,Texas State,67.0,170.0,28.0,622.0,9.0,103.7,Round 1 (Elite Picks 1-32),1,9.8,6.1,8.0,84.47
Chauncy Cobb,Arkansas State,66.0,163.0,71.0,806.0,12.0,62.0,Round 1 (Elite Picks 1-32),1,7.9,4.1,6.0,84.36
Carnell Tate,Ohio State,75.0,195.0,49.0,823.0,12.0,74.8,Round 1 (Elite Picks 1-32),1,12.7,5.3,9.0,84.33
Devin Voisin,South Alabama,70.0,187.0,68.0,799.0,11.0,66.6,Round 1 (Elite Picks 1-32),1,28.0,21.0,24.5,83.69
Jordyn Tyson,Arizona State,74.0,200.0,59.0,701.0,10.0,77.9,Round 1 (Elite Picks 1-32),1,12.2,8.9,10.6,83.66
Denzel Boston,Washington,76.0,209.0,58.0,786.0,11.0,71.5,Round 1 (Elite Picks 1-32),1,14.8,5.3,10.0,83.00999999999999
Germie Bernard,Alabama,73.0,204.0,63.0,866.0,12.0,61.9,Round 1 (Elite Picks 1-32),1,20.8,16.1,18.5,82.51
Sean Wilson,Delaware,72.0,185.0,63.0,806.0,12.0,62.0,Round 1 (Elite Picks 1-32),1,7.3,4.1,5.7,81.96000000000001
Kam Perry,Miami (OH),69.0,168.0,41.0,901.0,13.0,69.3,Round 1 (Elite Picks 1-32),1,15.0,5.3,10.2,81.96000000000001
Kyre Duplessis,Delaware,71.0,190.0,59.0,831.0,12.0,63.9,Round 1 (Elite Picks 1-32),1,15.2,5.3,10.2,81.96
Trell Harris,Virginia,72.0,200.0,58.0,833.0,12.0,64.1,Round 1 (Elite Picks 1-32),1,12.5,7.9,10.2,81.78
Trent Walker,Oregon State,74.0,194.0,59.0,758.0,11.0,68.9,Round 1 (Elite Picks 1-32),1,11.6,8.9,10.3,81.73
Zachariah Branch,Georgia,70.0,180.0,78.0,794.0,11.0,56.7,Round 1 (Elite Picks 1-32),1,13.6,5.3,9.5,81.69
Anthony Evans III,Mississippi State,71.0,180.0,63.0,785.0,11.0,65.4,Round 1 (Elite Picks 1-32),1,12.2,7.9,10.1,81.45
Kris Hutson,Arizona,71.0,174.0,58.0,754.0,11.0,68.5,Round 1 (Elite Picks 1-32),1,46.0,29.6,37.8,81.19
Isaiah Sategna,Oklahoma,70.0,182.0,61.0,781.0,11.0,65.1,Round 1 (Elite Picks 1-32),1,8.4,6.8,7.6,80.66
KC Concepcion,Texas A&M,71.0,190.0,56.0,814.0,12.0,62.6,Round 1 (Elite Picks 1-32),1,13.0,5.3,9.1,80.24
Victor Snow,Buffalo,68.0,168.0,59.0,783.0,11.0,65.2,Round 1 (Elite Picks 1-32),1,8.0,4.1,6.0,80.13
Matthew Henry,Western Kentucky,71.0,176.0,52.0,833.0,12.0,64.1,Round 1 (Elite Picks 1-32),1,7.8,4.1,5.9,79.97999999999999
Trond Grizzell,California,76.0,205.0,56.0,795.0,11.0,66.2,Round 1 (Elite Picks 1-32),1,14.0,5.3,9.6,79.85
Kevin Coleman Jr.,Missouri,71.0,180.0,66.0,736.0,11.0,61.3,Round 1 (Elite Picks 1-32),1,20.1,21.5,20.8,79.81
Jaden Bradley,UNLV,76.0,195.0,54.0,866.0,12.0,61.9,Round 1 (Elite Picks 1-32),1,29.6,20.2,24.9,79.81
Braylon Staley,Tennessee,72.0,190.0,65.0,782.0,11.0,60.2,Round 1 (Elite Picks 1-32),1,7.1,4.1,5.6,79.42
Omar Cooper Jr.,Indiana,72.0,201.0,59.0,814.0,12.0,58.1,Round 1 (Elite Picks 1-32),1,16.3,5.3,10.8,78.89
Ian Strong,Rutgers,75.0,215.0,51.0,722.0,10.0,72.2,Round 1 (Elite Picks 1-32),1,7.4,6.1,6.7,78.62
Kyri Shoels,San José State,72.0,182.0,57.0,737.0,11.0,61.4,Round 1 (Elite Picks 1-32),1,6.9,4.1,5.5,77.17
Jordan Hudson,SMU,73.0,200.0,57.0,722.0,10.0,65.6,Round 1 (Elite Picks 1-32),1,18.1,8.8,13.4,77.11999999999999
Chase Roberts,BYU,76.0,210.0,54.0,795.0,11.0,61.2,Round 1 (Elite Picks 1-32),1,15.6,5.3,10.4,76.75
Amare Thomas,Houston,72.0,205.0,58.0,758.0,11.0,58.3,Round 1 (Elite Picks 1-32),1,6.7,3.7,5.2,76.13
Mike Matthews,Tennessee,73.0,200.0,51.0,796.0,11.0,61.2,Round 1 (Elite Picks 1-32),1,8.6,6.8,7.7,75.86
Ryan Davis,Utah,71.0,181.0,60.0,681.0,10.0,61.9,Round 1 (Elite Picks 1-32),1,29.6,24.1,26.9,75.76
T.J. Moore,Clemson,75.0,200.0,50.0,745.0,11.0,62.1,Round 1 (Elite Picks 1-32),1,6.5,4.1,5.3,75.5
Ja'Kobi Lane,USC,76.0,200.0,48.0,735.0,10.0,66.8,Round 1 (Elite Picks 1-32),1,13.9,5.3,9.6,75.15
Keshaun Singleton,South Florida,75.0,215.0,44.0,752.0,11.0,62.7,Round 1 (Elite Picks 1-32),1,4.7,4.0,4.4,74.07
Griffin Wilde,Northwestern,74.0,200.0,60.0,687.0,10.0,57.2,Round 1 (Elite Picks 1-32),1,6.1,4.1,5.1,73.47
Emmanuel Henderson Jr.,Kansas,73.0,190.0,43.0,746.0,11.0,62.2,Round 1 (Elite Picks 1-32),1,20.4,16.1,18.2,73.46000000000001
Andrew Marsh,Michigan,72.0,190.0,43.0,645.0,9.0,71.7,Round 1 (Elite Picks 1-32),1,7.1,4.1,5.6,73.2
O'Mega Blake,Arkansas,74.0,182.0,54.0,714.0,10.0,59.5,Round 1 (Elite Picks 1-32),1,26.6,21.1,23.8,73.09
Jayce Brown,Kansas State,72.0,179.0,39.0,655.0,9.0,72.8,Round 1 (Elite Picks 1-32),1,6.9,4.1,5.5,72.65
Elijah Sarratt,Indiana,74.0,209.0,55.0,699.0,10.0,58.2,Round 1 (Elite Picks 1-32),1,4.9,4.0,4.5,72.59
Peyton Kramer,Tarleton State,71.0,175.0,47.0,750.0,11.0,57.7,Round 1 (Elite Picks 1-32),1,13.4,7.9,10.7,72.45
Jacquon Gibson,Massachusetts,71.0,195.0,61.0,578.0,8.0,64.2,Round 1 (Elite Picks 1-32),1,11.6,7.9,9.7,72.18
Asaad Waseem,Florida Atlantic,71.0,175.0,66.0,658.0,9.0,54.8,Round 1 (Elite Picks 1-32),1,13.0,5.3,9.1,71.78
Joshua Meredith,Washington State,72.0,193.0,55.0,722.0,10.0,55.5,Round 1 (Elite Picks 1-32),1,16.0,5.3,10.6,71.47
Cam Coleman,Auburn,75.0,201.0,53.0,682.0,10.0,56.8,Round 1 (Elite Picks 1-32),1,9.0,6.8,7.9,71.12
Jayshon Platt,Florida Atlantic,73.0,195.0,44.0,681.0,10.0,61.9,Round 1 (Elite Picks 1-32),1,13.8,5.3,9.5,70.96
Keagan Johnson,New Mexico,72.0,199.0,52.0,620.0,9.0,62.0,Round 1 (Elite Picks 1-32),1,23.4,26.5,25.0,70.8
Demarcus Lacey,Marshall,72.0,190.0,59.0,633.0,9.0,57.5,Round 1 (Elite Picks 1-32),1,6.7,4.1,5.4,70.78
Shaleak Knotts,Maryland,75.0,194.0,42.0,687.0,10.0,62.5,Round 1 (Elite Picks 1-32),1,18.0,8.8,13.4,70.72
Que'Sean Brown,Duke,68.0,165.0,59.0,712.0,10.0,50.9,Round 1 (Elite Picks 1-32),1,7.4,4.1,5.7,70.27
Caleb Douglas,Texas Tech,76.0,210.0,49.0,731.0,10.0,56.2,Round 1 (Elite Picks 1-32),1,13.8,5.3,9.5,70.11
Jordan Napier,San Diego State,73.0,195.0,47.0,633.0,9.0,63.3,Round 1 (Elite Picks 1-32),1,9.5,6.1,7.8,70.08
Josh Cameron,Baylor,73.0,224.0,59.0,664.0,9.0,55.3,Round 1 (Elite Picks 1-32),1,11.4,6.6,9.0,69.99000000000001
Junior Sherrill,Vanderbilt,71.0,188.0,50.0,721.0,10.0,55.5,Round 1 (Elite Picks 1-32),1,7.9,6.8,7.4,69.96000000000001
Ryan Williams,Alabama,72.0,178.0,48.0,681.0,10.0,56.8,Round 1 (Elite Picks 1-32),1,7.2,4.1,5.6,69.61
Ryan Wingo,Texas,74.0,214.0,50.0,712.0,10.0,54.8,Round 1 (Elite Picks 1-32),1,4.8,4.0,4.4,69.52000000000001
Antonio Williams,Clemson,71.0,190.0,51.0,526.0,8.0,65.8,Round 1 (Elite Picks 1-32),1,7.8,6.8,7.3,69.46000000000001
Omarion Miller,Colorado,74.0,210.0,39.0,680.0,10.0,61.8,Round 1 (Elite Picks 1-32),1,11.4,5.3,8.3,69.4
Devin McCuin,UTSA,72.0,195.0,60.0,644.0,9.0,53.7,Round 1 (Elite Picks 1-32),1,8.3,6.1,7.2,69.28999999999999
Gabriel Benyard,Kennesaw State,70.0,185.0,53.0,725.0,10.0,51.8,Round 1 (Elite Picks 1-32),1,12.1,5.3,8.7,69.05
Alex Perry,Florida International,77.0,210.0,50.0,697.0,10.0,53.6,Round 1 (Elite Picks 1-32),1,6.0,6.8,6.4,68.77
Cameron Dorner,North Texas,73.0,195.0,49.0,734.0,10.0,52.4,Round 1 (Elite Picks 1-32),1,6.8,4.1,5.4,68.24
K.D. Hutchinson,Western Kentucky,68.0,178.0,64.0,636.0,9.0,48.9,Round 1 (Elite Picks 1-32),1,15.1,5.3,10.2,68.01
Raphael Williams Jr.,Pittsburgh,70.0,165.0,48.0,689.0,10.0,53.0,Round 1 (Elite Picks 1-32),1,12.6,8.9,10.7,67.78999999999999
Na'eem Abdul-Rahim Gladding,Old Dominion,72.0,198.0,50.0,672.0,10.0,51.7,Round 1 (Elite Picks 1-32),1,6.2,4.1,5.1,67.57
Elijah Metcalf,Southern Miss,69.0,170.0,53.0,651.0,9.0,54.2,Round 1 (Elite Picks 1-32),1,32.2,29.6,30.9,67.50999999999999
Jackson Harris,Hawai'i,75.0,205.0,40.0,624.0,9.0,62.4,Round 1 (Elite Picks 1-32),1,5.6,4.0,4.8,67.44
Cody Jackson,Tarleton State,72.0,185.0,47.0,636.0,9.0,57.8,Round 1 (Elite Picks 1-32),1,11.5,5.3,8.4,67.36
C.J. Williams,Stanford,73.0,205.0,55.0,635.0,9.0,52.9,Round 1 (Elite Picks 1-32),1,5.1,4.0,4.6,67.3
Donovan Faupel,New Mexico State,73.0,195.0,51.0,548.0,8.0,60.9,Round 1 (Elite Picks 1-32),1,6.3,4.1,5.2,67.23
Leland Smith,San José State,76.0,215.0,42.0,650.0,9.0,59.1,Round 1 (Elite Picks 1-32),1,5.0,4.0,4.5,66.65
Marcus Sanders Jr.,Georgia Southern,73.0,190.0,46.0,677.0,10.0,52.1,Round 1 (Elite Picks 1-32),1,12.7,7.9,10.3,66.62
De'Zhaun Stribling,Ole Miss,74.0,200.0,51.0,722.0,10.0,48.1,Round 1 (Elite Picks 1-32),1,14.6,5.3,10.0,66.57
Nick Marsh,Michigan State,75.0,203.0,54.0,625.0,9.0,52.1,Round 1 (Elite Picks 1-32),1,9.0,6.8,7.9,66.5
Ja'Cory Thomas,Old Dominion,75.0,210.0,39.0,673.0,10.0,56.1,Round 1 (Elite Picks 1-32),1,5.6,4.0,4.8,66.48
Jordan Dwyer,TCU,72.0,195.0,51.0,626.0,9.0,52.2,Round 1 (Elite Picks 1-32),1,15.1,5.3,10.2,65.66
Javen Nicholas,Charlotte,69.0,190.0,53.0,613.0,9.0,51.1,Round 1 (Elite Picks 1-32),1,8.2,4.5,6.4,65.58
Ashtyn Hawkins,Baylor,70.0,168.0,52.0,616.0,9.0,51.3,Round 1 (Elite Picks 1-32),1,12.7,8.9,10.8,65.41
Michael Jackson III,Purdue,72.0,205.0,63.0,576.0,8.0,48.0,Round 1 (Elite Picks 1-32),1,29.2,21.0,25.1,64.66
Marcel Williams,Akron,71.0,185.0,43.0,599.0,9.0,54.5,Round 1 (Elite Picks 1-32),1,46.2,29.6,37.9,64.14
Reggie Virgil,Texas Tech,75.0,190.0,53.0,658.0,9.0,47.0,Round 1 (Elite Picks 1-32),1,14.6,5.3,10.0,63.98
Josiah Freeman,Fresno State,75.0,196.0,50.0,596.0,9.0,49.7,Round 1 (Elite Picks 1-32),1,6.7,4.1,5.4,63.81
Caullin Lacy,Louisville,70.0,190.0,57.0,592.0,8.0,49.3,Round 1 (Elite Picks 1-32),1,47.2,29.6,38.4,63.669999999999995
Cam Ross,Virginia,70.0,186.0,52.0,577.0,8.0,52.5,Round 1 (Elite Picks 1-32),1,29.3,24.1,26.7,63.620000000000005
Jaden Barnes,App State,68.0,170.0,51.0,523.0,7.0,58.1,Round 1 (Elite Picks 1-32),1,7.4,4.1,5.8,63.58
Christian Moss,Kennesaw State,75.0,199.0,41.0,643.0,9.0,53.6,Round 1 (Elite Picks 1-32),1,14.8,5.3,10.0,63.53
Eric Rivers,Georgia Tech,71.0,180.0,43.0,631.0,9.0,52.6,Round 1 (Elite Picks 1-32),1,14.6,5.3,10.0,63.510000000000005
Kendrick Law,Kentucky,72.0,205.0,52.0,569.0,8.0,51.7,Round 1 (Elite Picks 1-32),1,16.1,5.3,10.7,63.14
Nyziah Hunter,Nebraska,73.0,205.0,43.0,617.0,9.0,51.4,Round 1 (Elite Picks 1-32),1,7.2,6.8,7.0,62.769999999999996
Javon Robinson,Georgia State,67.0,155.0,54.0,585.0,8.0,48.8,Round 1 (Elite Picks 1-32),1,7.5,4.1,5.8,62.449999999999996
Omari Kelly,Michigan State,72.0,188.0,44.0,602.0,9.0,50.2,Round 1 (Elite Picks 1-32),1,15.4,5.3,10.3,62.32
Kenny Johnson,Pittsburgh,73.0,205.0,43.0,597.0,9.0,49.8,Round 1 (Elite Picks 1-32),1,7.3,6.1,6.7,61.77
Jordan Shipp,North Carolina,74.0,190.0,55.0,560.0,8.0,46.7,Round 1 (Elite Picks 1-32),1,8.6,6.8,7.7,61.45
Deion Burks,Oklahoma,69.0,188.0,56.0,589.0,8.0,45.3,Round 1 (Elite Picks 1-32),1,26.3,21.0,23.6,61.339999999999996
Duane Thomas Jr.,UCF,68.0,175.0,53.0,554.0,8.0,46.2,Round 1 (Elite Picks 1-32),1,7.6,4.1,5.8,60.54
Yamir Knight,SMU,68.0,186.0,50.0,564.0,8.0,47.0,Round 1 (Elite Picks 1-32),1,7.6,4.1,5.8,60.14
Jaron Tibbs,Kansas State,74.0,212.0,46.0,582.0,8.0,48.5,Round 1 (Elite Picks 1-32),1,6.9,4.5,5.7,59.87
Jordan Faison,Notre Dame,70.0,183.0,45.0,587.0,8.0,48.9,Round 1 (Elite Picks 1-32),1,6.7,4.1,5.4,59.82000000000001
Terrell Anderson,NC State,74.0,204.0,38.0,622.0,9.0,47.8,Round 1 (Elite Picks 1-32),1,6.9,6.8,6.9,59.52
Joseph Manjack IV,TCU,75.0,205.0,42.0,556.0,8.0,50.5,Round 1 (Elite Picks 1-32),1,23.7,20.2,22.0,59.41
Dalen Cobb,Georgia Southern,69.0,180.0,56.0,513.0,7.0,46.6,Round 1 (Elite Picks 1-32),1,12.4,7.9,10.2,59.230000000000004
Cole Weaver,Miami (OH),77.0,220.0,41.0,588.0,8.0,49.0,Round 1 (Elite Picks 1-32),1,5.0,4.0,4.5,58.68
Chauncey Spikes,North Carolina Central,74.0,200.0,42.0,542.0,8.0,49.3,Round 1 (Elite Picks 1-32),1,6.3,4.1,5.2,58.669999999999995
Tony Freeman,Washington State,68.0,171.0,53.0,531.0,8.0,40.8,Round 1 (Elite Picks 1-32),1,7.5,4.1,5.8,57.61
Raylen Sharpe,Arkansas,69.0,165.0,40.0,572.0,8.0,47.7,Round 1 (Elite Picks 1-32),1,13.1,5.3,9.2,57.57
Tre Richardson,Vanderbilt,70.0,175.0,40.0,527.0,8.0,47.9,Round 1 (Elite Picks 1-32),1,7.2,4.1,5.6,57.22
Latrell Caples,Boise State,72.0,191.0,47.0,558.0,8.0,42.9,Round 1 (Elite Picks 1-32),1,45.2,29.6,37.4,57.129999999999995
DT Sheffield,Rutgers,70.0,175.0,42.0,551.0,8.0,45.9,Round 1 (Elite Picks 1-32),1,7.0,4.1,5.5,57.06
Romello Brinson,SMU,74.0,190.0,40.0,517.0,7.0,51.7,Round 1 (Elite Picks 1-32),1,40.6,29.9,35.2,57.02
Deuce Alexander,Ole Miss,72.0,175.0,43.0,596.0,9.0,39.7,Round 1 (Elite Picks 1-32),1,7.5,4.1,5.8,56.71
Cyrus Allen,Cincinnati,71.0,180.0,44.0,567.0,8.0,43.6,Round 1 (Elite Picks 1-32),1,10.7,7.9,9.3,56.67
Eric Singleton Jr.,Auburn,70.0,180.0,52.0,487.0,7.0,44.3,Round 1 (Elite Picks 1-32),1,6.6,4.1,5.3,56.62
Coy Eakin,Texas Tech,74.0,210.0,45.0,552.0,8.0,42.5,Round 1 (Elite Picks 1-32),1,8.0,7.8,7.9,56.269999999999996
Yannick Smith,East Carolina,75.0,207.0,40.0,503.0,7.0,50.3,Round 1 (Elite Picks 1-32),1,4.8,4.0,4.4,56.18
Octavian Smith Jr.,Maryland,72.0,182.0,42.0,530.0,8.0,44.2,Round 1 (Elite Picks 1-32),1,13.5,5.3,9.4,56.0
Johntay Cook,Syracuse,72.0,198.0,42.0,518.0,7.0,47.1,Round 1 (Elite Picks 1-32),1,11.5,5.3,8.4,55.33
Brock Spalding,East Carolina,71.0,193.0,41.0,555.0,8.0,42.7,Round 1 (Elite Picks 1-32),1,12.5,5.3,8.9,55.199999999999996
Shazz Preston,Tulane,72.0,206.0,40.0,584.0,8.0,41.7,Round 1 (Elite Picks 1-32),1,17.2,5.3,11.2,54.690000000000005
Jahmal Edrine,Virginia,75.0,221.0,44.0,549.0,8.0,39.2,Round 1 (Elite Picks 1-32),1,22.4,21.1,21.7,54.29
Jalil Farooq,Maryland,74.0,213.0,52.0,471.0,7.0,39.2,Round 1 (Elite Picks 1-32),1,40.9,29.9,35.4,53.910000000000004
Cayden Lee,Ole Miss,71.0,175.0,42.0,581.0,8.0,38.7,Round 1 (Elite Picks 1-32),1,13.0,5.3,9.1,53.76
Le'Meke Brockington,Minnesota,72.0,195.0,44.0,478.0,7.0,43.5,Round 1 (Elite Picks 1-32),1,26.6,21.0,23.8,53.730000000000004
Miles Coleman,North Texas,66.0,159.0,46.0,499.0,7.0,41.6,Round 1 (Elite Picks 1-32),1,7.8,4.1,5.9,53.59
CJ Daniels,Miami,74.0,205.0,45.0,464.0,7.0,42.2,Round 1 (Elite Picks 1-32),1,26.6,21.3,24.0,53.24
Zion Booker,Tulsa,70.0,185.0,42.0,392.0,6.0,49.0,Round 1 (Elite Picks 1-32),1,6.0,4.1,5.1,53.019999999999996
DeAree Rogers,Northern Illinois,71.0,200.0,45.0,492.0,7.0,41.0,Round 1 (Elite Picks 1-32),1,7.1,4.1,5.6,52.92
Kwazi Gilmer,UCLA,74.0,190.0,47.0,475.0,7.0,39.6,Round 1 (Elite Picks 1-32),1,6.6,4.1,5.3,52.650000000000006
David Wells Jr.,Oregon State,73.0,183.0,42.0,468.0,7.0,42.5,Round 1 (Elite Picks 1-32),1,6.2,4.1,5.1,52.53
Cam Pickett,Kansas,72.0,200.0,45.0,462.0,7.0,38.5,Round 1 (Elite Picks 1-32),1,12.3,5.3,8.8,51.370000000000005
Myles Butler,Middle Tennessee,74.0,205.0,48.0,444.0,6.0,40.4,Round 1 (Elite Picks 1-32),1,11.2,8.9,10.1,51.04
Jacory Barney Jr.,Nebraska,72.0,170.0,42.0,495.0,7.0,38.1,Round 1 (Elite Picks 1-32),1,8.2,6.8,7.5,50.6
Malik Rutherford,Georgia Tech,69.0,170.0,40.0,402.0,6.0,44.7,Round 1 (Elite Picks 1-32),1,24.7,21.0,22.8,50.370000000000005
DJ Epps,Troy,73.0,185.0,44.0,449.0,6.0,40.8,Round 1 (Elite Picks 1-32),1,9.3,6.8,8.1,50.089999999999996
Hunter Summers,Arkansas State,75.0,161.0,42.0,475.0,7.0,36.5,Round 1 (Elite Picks 1-32),1,7.5,4.1,5.8,49.6
Langston Lewis,Central Michigan,72.0,195.0,41.0,454.0,6.0,37.8,Round 1 (Elite Picks 1-32),1,12.3,5.3,8.8,47.739999999999995
Aaron Turner,Rice,68.0,184.0,54.0,396.0,6.0,30.5,Round 1 (Elite Picks 1-32),1,24.4,26.5,25.4,47.41
Trebor Pena,Penn State,70.0,186.0,44.0,419.0,6.0,34.9,Round 1 (Elite Picks 1-32),1,27.7,21.0,24.3,46.84
Kenny Odom,UTEP,70.0,170.0,48.0,366.0,5.0,36.6,Round 1 (Elite Picks 1-32),1,7.8,6.8,7.3,46.36
David Amador II,UTSA,72.0,195.0,40.0,400.0,6.0,36.4,Round 1 (Elite Picks 1-32),1,9.3,7.9,8.6,46.2
Sahmir Hagans,Duke,70.0,190.0,40.0,416.0,6.0,32.0,Round 1 (Elite Picks 1-32),1,25.7,21.0,23.4,44.16
Gavin Freeman,Oklahoma State,68.0,185.0,40.0,323.0,5.0,32.3,Round 1 (Elite Picks 1-32),1,11.5,5.6,8.5,41.379999999999995
Anthony Eager,South Alabama,73.0,182.0,42.0,358.0,5.0,29.8,Round 1 (Elite Picks 1-32),1,8.4,6.1,7.3,41.08
